Name,AccountNumber,Email address
Shantae Vorpahl,399007242,Shantae.Vorpahl@itza.com
Tosha Arbeiter,773824457,Tosha.Arbeiter@itza.com
Tameika Childs,922119714,Tameika.Childs@itza.com
Weston Pica,651764972,Weston.Pica@itza.com
Estrella Cutler,138991122,Estrella.Cutler@itza.com
Tammi Hutcherson,740359935,Tammi.Hutcherson@itza.com
Jacques Hoagland,226345046,Jacques.Hoagland@itza.com
Augustina Flippen,762733289,Augustina.Flippen@itza.com
Lynn Symonds,116131770,Lynn.Symonds@itza.com
Hallie Baze,632187253,Hallie.Baze@itza.com
Leonarda Blackshire,810838917,Leonarda.Blackshire@itza.com
Gaynelle Carneal,715010413,Gaynelle.Carneal@itza.com
Latasha Mosher,430267834,Latasha.Mosher@itza.com
Jamika Colpitts,179834655,Jamika.Colpitts@itza.com
Mui Fuentes,109555914,Mui.Fuentes@itza.com
Fatima Wenz,556660583,Fatima.Wenz@itza.com
Glen Than,850753527,Glen.Than@itza.com
Guadalupe Yeager,442820975,Guadalupe.Yeager@itza.com
Dorathy Magnani,836900412,Dorathy.Magnani@itza.com
Aiko Zahl,668943285,Aiko.Zahl@itza.com
Kelle Oboyle,870717767,Kelle.Oboyle@itza.com
Malisa Paradiso,666248619,Malisa.Paradiso@itza.com
Rosena Muscarella,918593896,Rosena.Muscarella@itza.com
Luz Kettner,110217472,Luz.Kettner@itza.com
Delpha Streit,906509220,Delpha.Streit@itza.com
Sherlene Fowkes,316427935,Sherlene.Fowkes@itza.com
Doreatha Bolz,355580751,Doreatha.Bolz@itza.com
Bobbi Marasco,765118986,Bobbi.Marasco@itza.com
Agnes Crank,737259030,Agnes.Crank@itza.com
Myrna Curry,677908018,Myrna.Curry@itza.com
Bess Feingold,623439352,Bess.Feingold@itza.com
Tashina Sabine,565360991,Tashina.Sabine@itza.com
Cherri Husbands,961010024,Cherri.Husbands@itza.com
Omer Fabiani,360514221,Omer.Fabiani@itza.com
Twanna Amick,819334829,Twanna.Amick@itza.com
Krysta Geiser,932330801,Krysta.Geiser@itza.com
Lilliana Tepper,181653796,Lilliana.Tepper@itza.com
Deidre Devaul,420607659,Deidre.Devaul@itza.com
Tommye Cornett,904987363,Tommye.Cornett@itza.com
Elinor Fredette,675982582,Elinor.Fredette@itza.com
Suzi Boulden,602809129,Suzi.Boulden@itza.com
Fredda Bartman,757078555,Fredda.Bartman@itza.com
Valrie Jahns,992349502,Valrie.Jahns@itza.com
Flavia Clemens,910788363,Flavia.Clemens@itza.com
Sung Finney,497890176,Sung.Finney@itza.com
Teodora Stange,875880379,Teodora.Stange@itza.com
Cristobal Nachman,398116680,Cristobal.Nachman@itza.com
Fidel Philip,368131332,Fidel.Philip@itza.com
Judith Junk,968834997,Judith.Junk@itza.com
Margarita Holahan,658097410,Margarita.Holahan@itza.com
Berenice Wessner,289707172,Berenice.Wessner@itza.com
Louise Moor,578381685,Louise.Moor@itza.com
Laurel Bulter,381947439,Laurel.Bulter@itza.com
Evelynn Tien,557530622,Evelynn.Tien@itza.com
Vernice Demaria,831215392,Vernice.Demaria@itza.com
Anna Lovette,510802869,Anna.Lovette@itza.com
Shiela Stover,167070686,Shiela.Stover@itza.com
Jason Timmons,213652022,Jason.Timmons@itza.com
Chaya Oneill,969227552,Chaya.Oneill@itza.com
Josephine Betterton,948033088,Josephine.Betterton@itza.com
Helena Vogus,236732452,Helena.Vogus@itza.com
Christoper Esh,569607130,Christoper.Esh@itza.com
Alton Bushey,395642502,Alton.Bushey@itza.com
Merle Hoeppner,689460763,Merle.Hoeppner@itza.com
Clementina Hathcock,210729442,Clementina.Hathcock@itza.com
Randall Carlow,578191092,Randall.Carlow@itza.com
Cornelia Netto,848293178,Cornelia.Netto@itza.com
Bobby Scardina,412626424,Bobby.Scardina@itza.com
Stephany Cruickshank,703392061,Stephany.Cruickshank@itza.com
Kathe Valdivia,846129038,Kathe.Valdivia@itza.com
Mireille Plata,254798972,Mireille.Plata@itza.com
Juliann Wallander,603756130,Juliann.Wallander@itza.com
Jutta Bernat,784271109,Jutta.Bernat@itza.com
Marlin Rhoden,162129952,Marlin.Rhoden@itza.com
Debbi Lipton,564310828,Debbi.Lipton@itza.com
Carolynn Hilty,335627018,Carolynn.Hilty@itza.com
Yoshiko Haff,231520299,Yoshiko.Haff@itza.com
Luanna Wadsworth,519681227,Luanna.Wadsworth@itza.com
Hallie Alanis,235352574,Hallie.Alanis@itza.com
Annice Speir,704529893,Annice.Speir@itza.com
Jinny Sandoval,195717725,Jinny.Sandoval@itza.com
Frida Bischoff,658777443,Frida.Bischoff@itza.com
Lavina Lehto,262539345,Lavina.Lehto@itza.com
Emile Rines,345310527,Emile.Rines@itza.com
Edwina Pasternak,126746495,Edwina.Pasternak@itza.com
Rina Bryden,188986396,Rina.Bryden@itza.com
Sheba Geers,875828513,Sheba.Geers@itza.com
Shelia Center,907026240,Shelia.Center@itza.com
Isobel Mathison,305356178,Isobel.Mathison@itza.com
Robert Nicolas,224553446,Robert.Nicolas@itza.com
Tarra Francois,105938511,Tarra.Francois@itza.com
Pauletta Pullum,475916441,Pauletta.Pullum@itza.com
Ryan Stumpff,326465207,Ryan.Stumpff@itza.com
Clarice Runge,393700198,Clarice.Runge@itza.com
Denna Vergara,655945859,Denna.Vergara@itza.com
Cecelia Cavins,303307628,Cecelia.Cavins@itza.com
Reda Mohler,640018774,Reda.Mohler@itza.com
Inger Derrow,209294884,Inger.Derrow@itza.com
Raymon Payeur,344956723,Raymon.Payeur@itza.com
Neda Parton,611438115,Neda.Parton@itza.com
Audry Ames,965945897,Audry.Ames@itza.com
Katherine Renaud,822725395,Katherine.Renaud@itza.com
Adam Pyburn,895446658,Adam.Pyburn@itza.com
Diann Platero,772495534,Diann.Platero@itza.com
Micaela Tittle,165467254,Micaela.Tittle@itza.com
Cleveland Monzo,340171214,Cleveland.Monzo@itza.com
Jerrod Kinzer,622900977,Jerrod.Kinzer@itza.com
Eden Morter,114731149,Eden.Morter@itza.com
Pamila Martin,142122474,Pamila.Martin@itza.com
Phuong Huneycutt,152844199,Phuong.Huneycutt@itza.com
Millicent Legaspi,313779804,Millicent.Legaspi@itza.com
Kori Dolan,294358360,Kori.Dolan@itza.com
Fransisca Obey,886359930,Fransisca.Obey@itza.com
Setsuko Ryerson,751775708,Setsuko.Ryerson@itza.com
Mercy Niebuhr,369927512,Mercy.Niebuhr@itza.com
Kasandra Craw,904154433,Kasandra.Craw@itza.com
Lorriane Bernardo,332119374,Lorriane.Bernardo@itza.com
Merri Rink,761297963,Merri.Rink@itza.com
Gaylord Edmonds,478954624,Gaylord.Edmonds@itza.com
Shakira Sherwin,688135474,Shakira.Sherwin@itza.com
Lolita Klick,167059211,Lolita.Klick@itza.com
Gaynelle Soper,511949230,Gaynelle.Soper@itza.com
Delfina Mancuso,787466709,Delfina.Mancuso@itza.com
Lynell Luter,436580821,Lynell.Luter@itza.com
Breanna Spray,951031472,Breanna.Spray@itza.com
Mazie Hunte,117811970,Mazie.Hunte@itza.com
Twana Cassella,464648266,Twana.Cassella@itza.com
Edra Pena,674782195,Edra.Pena@itza.com
Larae Barrett,133211483,Larae.Barrett@itza.com
Krystyna Jaggers,201631339,Krystyna.Jaggers@itza.com
Damon Avilez,749821844,Damon.Avilez@itza.com
Liane Hedgpeth,341676707,Liane.Hedgpeth@itza.com
Corine Deininger,140862040,Corine.Deininger@itza.com
Maura Coil,743169027,Maura.Coil@itza.com
Maynard Campoverde,128268659,Maynard.Campoverde@itza.com
Gemma Reichard,189856601,Gemma.Reichard@itza.com
Roselee Dejonge,948970456,Roselee.Dejonge@itza.com
Kristen Blomquist,171276519,Kristen.Blomquist@itza.com
Velma Dale,818483960,Velma.Dale@itza.com
Isabelle Koepke,741918256,Isabelle.Koepke@itza.com
Thuy Pendergast,535824940,Thuy.Pendergast@itza.com
Heather Harpster,790962789,Heather.Harpster@itza.com
Ben Kandoll,891598710,Ben.Kandoll@itza.com
Marry Rabago,807160328,Marry.Rabago@itza.com
Evette Peluso,370318132,Evette.Peluso@itza.com
Rosalina Sosnowski,878765385,Rosalina.Sosnowski@itza.com
Grisel Cutchin,810078538,Grisel.Cutchin@itza.com
Iliana Fleischman,736686787,Iliana.Fleischman@itza.com
Eileen Steidl,601187621,Eileen.Steidl@itza.com
Ardell Elsass,724305729,Ardell.Elsass@itza.com
Athena Delavega,186771984,Athena.Delavega@itza.com
Sheridan Shadley,543701348,Sheridan.Shadley@itza.com
Glynda Heuer,137108242,Glynda.Heuer@itza.com
Seema Olney,733443590,Seema.Olney@itza.com
Johnetta Bormann,596586430,Johnetta.Bormann@itza.com
Kasey Severns,630440252,Kasey.Severns@itza.com
Juliette Warlick,342120287,Juliette.Warlick@itza.com
Leia Duclos,849216061,Leia.Duclos@itza.com
Florine Uyehara,722143879,Florine.Uyehara@itza.com
Elvin Machado,451614382,Elvin.Machado@itza.com
Leonardo Burton,450279327,Leonardo.Burton@itza.com
Tarsha Serafino,740588463,Tarsha.Serafino@itza.com
Eleonor Brugman,332366637,Eleonor.Brugman@itza.com
Shonta Helvey,822289366,Shonta.Helvey@itza.com
Mimi Scheiber,965015724,Mimi.Scheiber@itza.com
Mui Puente,472806085,Mui.Puente@itza.com
Paulina Zwick,827589513,Paulina.Zwick@itza.com
Bobette Mansir,838098368,Bobette.Mansir@itza.com
Kira Pontious,453876876,Kira.Pontious@itza.com
Keesha Flanigan,605991382,Keesha.Flanigan@itza.com
Roberto Mielke,861267427,Roberto.Mielke@itza.com
Lynwood Andujar,884102155,Lynwood.Andujar@itza.com
Chantel Teter,530119190,Chantel.Teter@itza.com
Morton Cassel,222407597,Morton.Cassel@itza.com
Naoma Hungate,479336226,Naoma.Hungate@itza.com
Sabina Huneke,297237955,Sabina.Huneke@itza.com
Adelle Belmont,566586737,Adelle.Belmont@itza.com
Todd Cambell,331092546,Todd.Cambell@itza.com
Grisel Snedeker,274093576,Grisel.Snedeker@itza.com
Arthur Keim,585629500,Arthur.Keim@itza.com
Jeni Angstadt,265641296,Jeni.Angstadt@itza.com
Kary Strong,916909307,Kary.Strong@itza.com
Ramona Kenny,959256182,Ramona.Kenny@itza.com
Moriah Mclane,225373620,Moriah.Mclane@itza.com
Frederica Debartolo,926071025,Frederica.Debartolo@itza.com
Vinita Crossley,544814808,Vinita.Crossley@itza.com
Joanna Kies,295163214,Joanna.Kies@itza.com
Alfredo Spiers,884317672,Alfredo.Spiers@itza.com
Irina Tice,797708312,Irina.Tice@itza.com
Kiyoko Heth,974777496,Kiyoko.Heth@itza.com
Shawnna Brien,686645640,Shawnna.Brien@itza.com
Marianela Laperle,799786235,Marianela.Laperle@itza.com
Johanne Jennings,290559614,Johanne.Jennings@itza.com
Bernarda Arriaga,127055318,Bernarda.Arriaga@itza.com
Cheyenne Stach,746346899,Cheyenne.Stach@itza.com
Marty Sheller,842400296,Marty.Sheller@itza.com
Derek Kleinman,282834119,Derek.Kleinman@itza.com
Shanna Stclaire,406097791,Shanna.Stclaire@itza.com
Dong Manuelito,764792238,Dong.Manuelito@itza.com
Onie Leitch,930909594,Onie.Leitch@itza.com
Stanford Fryar,148804823,Stanford.Fryar@itza.com
Myles Derr,721758751,Myles.Derr@itza.com
Brenton Nygren,851663567,Brenton.Nygren@itza.com
Sheri Sylvestre,579517300,Sheri.Sylvestre@itza.com
Angla Head,330418550,Angla.Head@itza.com
Melba Hammaker,381758910,Melba.Hammaker@itza.com
Brigida Mister,313907001,Brigida.Mister@itza.com
Tess Lind,123153256,Tess.Lind@itza.com
Margareta Printup,931687136,Margareta.Printup@itza.com
Orlando Filice,374130853,Orlando.Filice@itza.com
Dian Moris,316012249,Dian.Moris@itza.com
Pilar Nava,649427146,Pilar.Nava@itza.com
Mei Rech,826882501,Mei.Rech@itza.com
Teisha Markle,501467966,Teisha.Markle@itza.com
Denny Labelle,788960149,Denny.Labelle@itza.com
Marci Dupuis,518260598,Marci.Dupuis@itza.com
Gwen Campuzano,293897025,Gwen.Campuzano@itza.com
Trista Egbert,647784288,Trista.Egbert@itza.com
Laurice Cribb,254747344,Laurice.Cribb@itza.com
Mana Sublett,918897189,Mana.Sublett@itza.com
Jong Poulter,864044482,Jong.Poulter@itza.com
Cecille Edsall,546491414,Cecille.Edsall@itza.com
Gudrun Skowronski,300592315,Gudrun.Skowronski@itza.com
Tomoko Games,710935774,Tomoko.Games@itza.com
Joana Esquibel,318665511,Joana.Esquibel@itza.com
Vernetta Dingler,887809916,Vernetta.Dingler@itza.com
Corene Legette,231281299,Corene.Legette@itza.com
Un Brubaker,841930050,Un.Brubaker@itza.com
Efrain Salmon,925294374,Efrain.Salmon@itza.com
Heidy Toms,718981102,Heidy.Toms@itza.com
Melina Wittenberg,356182987,Melina.Wittenberg@itza.com
Petrina Spring,849574046,Petrina.Spring@itza.com
Albertine Dragoo,321577386,Albertine.Dragoo@itza.com
Sudie Choudhury,856833256,Sudie.Choudhury@itza.com
Wilber Bremer,353409314,Wilber.Bremer@itza.com
Melodi Gregor,568011406,Melodi.Gregor@itza.com
Vallie Tanner,171964193,Vallie.Tanner@itza.com
Levi Eichorn,280146310,Levi.Eichorn@itza.com
Ethelyn Mauney,701907279,Ethelyn.Mauney@itza.com
Arlene Menendez,831412774,Arlene.Menendez@itza.com
Sharlene Sthilaire,311278027,Sharlene.Sthilaire@itza.com
Dovie Padron,826513960,Dovie.Padron@itza.com
Piper Kern,296619138,Piper.Kern@itza.com
Norman Houde,588770646,Norman.Houde@itza.com
Renea Ismail,879936919,Renea.Ismail@itza.com
Brent Grange,303623059,Brent.Grange@itza.com
Bernardo Freshour,267092787,Bernardo.Freshour@itza.com
Hye Fortune,910768551,Hye.Fortune@itza.com
Jasmin Becher,917583726,Jasmin.Becher@itza.com
Amie Haro,349880197,Amie.Haro@itza.com
Migdalia Dygert,386470504,Migdalia.Dygert@itza.com
Nanci Flore,953412238,Nanci.Flore@itza.com
Mirian Lalor,141249013,Mirian.Lalor@itza.com
Ralph Mccaleb,142086445,Ralph.Mccaleb@itza.com
Bennie Magdaleno,328013491,Bennie.Magdaleno@itza.com
Caren Waechter,633166737,Caren.Waechter@itza.com
Kimberley Fontana,926496022,Kimberley.Fontana@itza.com
Cristal Gillam,404119218,Cristal.Gillam@itza.com
Juliet Kealoha,829483614,Juliet.Kealoha@itza.com
Lucina Kyzer,829809321,Lucina.Kyzer@itza.com
Gianna Stegner,182553265,Gianna.Stegner@itza.com
Vernon Galles,868654137,Vernon.Galles@itza.com
Brady Gagnier,119261613,Brady.Gagnier@itza.com
Tori Cail,246826839,Tori.Cail@itza.com
Emory Allinder,805528207,Emory.Allinder@itza.com
Venessa Yale,971718735,Venessa.Yale@itza.com
Jena Greenough,774854206,Jena.Greenough@itza.com
Courtney Goley,351218660,Courtney.Goley@itza.com
Rosalia Hain,401241622,Rosalia.Hain@itza.com
Edmundo Duron,845482530,Edmundo.Duron@itza.com
Brittany Mcpeek,521685388,Brittany.Mcpeek@itza.com
Dreama Jayne,847074556,Dreama.Jayne@itza.com
Gwyneth Gero,334356513,Gwyneth.Gero@itza.com
Allie Delmonte,820749430,Allie.Delmonte@itza.com
Idalia Buster,344762287,Idalia.Buster@itza.com
Dedra Guzman,559158852,Dedra.Guzman@itza.com
Mina Calloway,269451515,Mina.Calloway@itza.com
Billy Loughlin,668918238,Billy.Loughlin@itza.com
Georgeann Flavin,711390384,Georgeann.Flavin@itza.com
Fabian Bradly,728937383,Fabian.Bradly@itza.com
Lovie Balls,823350713,Lovie.Balls@itza.com
Orville Millener,647488477,Orville.Millener@itza.com
Cristi Hovey,342634386,Cristi.Hovey@itza.com
Keila Vinson,197869833,Keila.Vinson@itza.com
Alphonse Boxx,864348887,Alphonse.Boxx@itza.com
Sibyl Teasdale,735356957,Sibyl.Teasdale@itza.com
Trang Ebeling,543514702,Trang.Ebeling@itza.com
